,labels,image
0,aphid,"[[255 255 255 ... 255 255 255]
 [255 255 255 ... 255 255 255]
 [255 255 255 ... 255 255 255]
 ...
 [255 255 255 ... 255 255 255]
 [255 255 255 ... 255 255 255]
 [255 255 255 ... 255 255 255]]"
1,aphid,"[[179 208 188 ... 161 183 162]
 [182 211 191 ... 165 189 167]
 [181 210 188 ... 168 192 170]
 ...
 [169 211 175 ... 138 168 140]
 [181 223 183 ... 150 179 151]
 [182 225 179 ... 158 187 159]]"
2,aphid,"[[140 184 148 ... 124 172 112]
 [132 176 140 ... 114 163  98]
 [119 163 127 ...  99 149  78]
 ...
 [ 80 113  44 ...  80 128  42]
 [ 82 115  46 ...  79 127  41]
 [ 82 115  46 ...  79 127  41]]"
3,aphid,"[[143 174  55 ... 118 141  50]
 [145 176  57 ... 105 128  37]
 [137 168  51 ... 106 129  38]
 ...
 [120 140  27 ... 122 142  45]
 [142 162  47 ... 116 136  37]
 [106 126  11 ... 123 144  43]]"
4,aphid,"[[245 255 216 ... 255 255 255]
 [249 255 248 ... 255 255 255]
 [254 251 255 ... 255 255 255]
 ...
 [255 249 255 ... 255 255 255]
 [255 242 255 ... 255 255 255]
 [255 255 255 ... 255 255 255]]"
5,aphid,"[[ 14  47  20 ... 145  79   5]
 [ 26  56  30 ... 147  83   9]
 [ 20  48  23 ... 137  78   0]
 ...
 [158 142  83 ...  36  64  15]
 [158 142  83 ...  36  64  15]
 [157 142  85 ...  37  65  16]]"
6,aphid,"[[170 202 127 ... 162 200 115]
 [170 202 127 ... 162 200 115]
 [170 202 127 ... 162 200 115]
 ...
 [165 200 116 ... 158 196 109]
 [163 201 114 ... 158 196 109]
 [163 201 114 ... 158 196 109]]"
7,aphid,"[[ 11  59   7 ... 104 149 106]
 [ 11  59   7 ... 104 150 104]
 [ 12  60   8 ... 105 151 105]
 ...
 [ 96 121  79 ...   3  45   5]
 [116 138  99 ...   3  45   5]
 [140 160 123 ...   1  41   4]]"
8,aphid,"[[ 53 131  69 ... 217 229 215]
 [ 53 131  69 ... 217 229 215]
 [ 53 131  69 ... 217 229 215]
 ...
 [169 192 150 ... 175 191 152]
 [169 191 152 ... 175 191 152]
 [170 190 153 ... 175 191 152]]"
9,aphid,"[[  6  17   0 ... 110 120   8]
 [  6  17   0 ... 109 119   6]
 [  6  17   0 ... 109 119   4]
 ...
 [ 62 109   0 ... 210 204 116]
 [ 71 114   0 ... 210 204 116]
 [ 81 121   0 ... 210 204 116]]"
10,aphid,"[[213 168 126 ... 249 227 206]
 [202 159 117 ... 247 222 200]
 [219 180 141 ... 243 217 192]
 ...
 [186 170 155 ... 225 195 161]
 [232 216 201 ... 218 185 152]
 [243 226 210 ... 205 171 136]]"
11,aphid,"[[122 122 122 ...  64  64  64]
 [ 57  57  57 ...   0   0   0]
 [ 63  63  63 ...   4   4   4]
 ...
 [153 185  52 ...   0   0  14]
 [149 180  50 ...   0   8   0]
 [162 193  64 ... 135 161  72]]"
12,aphid,"[[  3   5   0 ...   8  19  11]
 [  1   3   0 ...   2  13   5]
 [  0   2   0 ...   0   6   0]
 ...
 [  3   3   3 ... 175 123  24]
 [  3   3   3 ... 172 113   0]
 [  0   0   0 ... 171 113   3]]"
13,aphid,"[[ 44  60  11 ...  89 126  33]
 [ 48  64  15 ...  90 127  34]
 [ 52  70  20 ...  89 126  31]
 ...
 [145 156 116 ...  81 114  35]
 [ 84  94  57 ...  68 100  24]
 [ 85  62   8 ...  44  74   0]]"
14,aphid,"[[ 98 141  52 ... 123 158  66]
 [ 98 141  52 ... 123 158  66]
 [ 98 141  52 ... 123 158  66]
 ...
 [ 70  87   0 ... 122 147  55]
 [ 70  91   0 ... 123 148  56]
 [ 64  88   0 ... 123 148  56]]"
15,caterpillar,"[[ 70  65  62 ... 184 207 163]
 [ 67  62  59 ... 185 208 162]
 [ 62  57  54 ... 185 209 159]
 ...
 [ 83  73  48 ... 140 174  64]
 [ 90  78  52 ... 136 170  60]
 [ 80  68  42 ... 136 169  62]]"
16,caterpillar,"[[ 81 143  18 ... 232 232 234]
 [ 41 102   0 ... 232 232 234]
 [ 53 111   8 ... 232 232 234]
 ...
 [194 200 138 ... 129 171  89]
 [194 200 138 ... 131 173  91]
 [195 201 139 ... 134 176  94]]"
17,caterpillar,"[[135 139 138 ... 128 146 122]
 [134 139 132 ... 124 142 118]
 [135 142 124 ... 135 153 129]
 ...
 [ 85  95  42 ... 100 125 103]
 [ 86  96  43 ... 100 125 103]
 [ 87  97  44 ... 100 125 103]]"
18,caterpillar,"[[ 87 132  51 ... 101 149  87]
 [ 80 125  42 ... 101 149  89]
 [ 72 118  30 ... 101 149  91]
 ...
 [ 32  69   0 ...  81 125  48]
 [ 38  76   0 ...  77 125  41]
 [ 41  80   1 ...  76 125  34]]"
19,caterpillar,"[[ 69  66  85 ... 190 217 140]
 [ 58  54  69 ... 203 230 151]
 [ 55  47  58 ... 217 246 164]
 ...
 [ 37  43  67 ... 130 132 183]
 [ 37  43  67 ... 130 132 183]
 [ 43  49  73 ... 135 137 188]]"
20,caterpillar,"[[ 76 124  25 ... 125 167  65]
 [ 75 123  24 ... 129 171  69]
 [ 75 123  24 ... 122 164  62]
 ...
 [154 178  66 ... 103 150  54]
 [159 183  71 ... 103 150  54]
 [163 187  75 ... 103 150  54]]"
21,caterpillar,"[[ 21  38   2 ...  49  72  43]
 [ 21  38   2 ...  49  72  43]
 [ 21  38   2 ...  49  72  43]
 ...
 [137 153  64 ... 160 181  78]
 [104 120  32 ... 160 181  76]
 [ 91 106  21 ... 169 191  83]]"
22,caterpillar,"[[140 167 158 ... 198 216 226]
 [147 174 165 ... 188 206 216]
 [155 182 175 ... 172 192 201]
 ...
 [133 160 145 ... 157 167 159]
 [128 155 140 ... 155 165 157]
 [130 157 142 ... 171 180 175]]"
23,caterpillar,"[[136 144 147 ... 179 181 176]
 [137 145 148 ... 179 181 176]
 [139 146 152 ... 178 180 175]
 ...
 [151 152 170 ... 163 161 174]
 [151 152 170 ... 163 161 175]
 [151 152 170 ... 163 161 175]]"
24,caterpillar,"[[  1   1   1 ...  13   7   7]
 [  1   1   1 ...  13   7   7]
 [  1   1   1 ...  13   7   7]
 ...
 [145 172 117 ... 194 215 148]
 [129 156 101 ... 190 207 163]
 [115 142  89 ... 197 212 181]]"
25,caterpillar,"[[255 255 255 ... 255 255 255]
 [255 255 255 ... 255 255 255]
 [255 255 255 ... 255 255 255]
 ...
 [255 255 255 ... 255 255 255]
 [255 255 255 ... 255 255 255]
 [255 255 255 ... 255 255 255]]"
26,caterpillar,"[[ 78  69  60 ... 168 198 124]
 [ 82  72  62 ... 165 195 121]
 [ 89  77  63 ... 167 197 125]
 ...
 [156 140 124 ... 183 214 120]
 [131 115 100 ... 182 213 120]
 [174 158 145 ... 174 204 114]]"
27,caterpillar,"[[154 193 149 ... 110 165 125]
 [144 184 134 ... 110 155 112]
 [127 168 108 ... 108 141  94]
 ...
 [ 37  79   0 ...  50  85  27]
 [ 39  81   0 ...  51  89  30]
 [ 39  81   0 ...  51  89  30]]"
28,caterpillar,"[[223 196  19 ... 106 140   1]
 [222 195  16 ... 106 140   1]
 [222 195  16 ... 106 140   2]
 ...
 [ 83 123  71 ...  70 107   4]
 [ 82 126  73 ...  65 102   0]
 [ 80 129  74 ...  65 102   0]]"
29,caterpillar,"[[  1   1   1 ...  17  35   0]
 [  1   1   1 ...  30  48   6]
 [  1   1   1 ...  40  59  13]
 ...
 [130 123  69 ... 151 157  47]
 [130 123  69 ... 145 151  41]
 [130 123  69 ... 139 145  35]]"
30,cutworm,"[[ 69  52  26 ... 188 186 111]
 [ 87  69  45 ... 168 171  94]
 [ 71  55  32 ... 152 161  82]
 ...
 [152 151 131 ...  44  25  19]
 [175 173 152 ...  32  11   6]
 [191 189 168 ...  38  17  12]]"
31,cutworm,"[[ 0  0  2 ... 90 90 88]
 [ 0  0  0 ... 90 90 88]
 [ 0  0  0 ... 94 94 92]
 ...
 [33 33 31 ... 20 20 20]
 [67 67 65 ... 30 30 30]
 [53 53 51 ... 34 34 34]]"
32,cutworm,"[[225 210 187 ... 230 214 191]
 [219 204 181 ... 224 208 185]
 [213 198 175 ... 217 201 178]
 ...
 [134 112  88 ... 244 234 222]
 [127 117 105 ... 232 218 205]
 [163 153 141 ... 232 218 205]]"
33,cutworm,"[[200 155 122 ... 194 149 120]
 [187 142 109 ... 195 150 121]
 [164 119  86 ... 207 161 135]
 ...
 [183 133  98 ... 209 164 131]
 [226 176 141 ... 119  74  41]
 [158 108  73 ... 128  83  50]]"
34,cutworm,"[[ 40  45  38 ...   2  11   8]
 [ 55  60  53 ...  22  28  26]
 [ 39  44  38 ...   8  13   9]
 ...
 [100  93  83 ...  66  66  58]
 [102  97  78 ...  84  78  66]
 [ 97  92  73 ...  86  80  68]]"
35,cutworm,"[[ 7 19 17 ... 35 48 56]
 [23 35 31 ... 26 39 47]
 [37 50 43 ... 22 37 44]
 ...
 [49 52 57 ... 77 92 95]
 [46 49 54 ... 74 89 92]
 [40 43 48 ... 55 70 73]]"
36,cutworm,"[[ 99  90  81 ... 110 100  91]
 [110 101  92 ... 108  98  89]
 [118 109 100 ...  91  81  72]
 ...
 [ 60  46  33 ...  17  16  11]
 [ 81  69  57 ...  36  33  28]
 [ 48  38  28 ...  49  46  41]]"
37,cutworm,"[[202 182 147 ... 145 138 154]
 [236 218 182 ... 183 177 191]
 [255 238 202 ... 174 168 178]
 ...
 [ 67  80  63 ...  37  53  40]
 [ 51  62  46 ...  39  53  40]
 [ 54  61  45 ...  39  52  42]]"
38,cutworm,"[[231 224 218 ... 227 232 225]
 [236 228 225 ... 212 218 208]
 [241 233 230 ... 200 206 196]
 ...
 [173 167 171 ... 215 218 191]
 [225 218 225 ... 223 226 199]
 [246 239 247 ... 221 224 197]]"
39,cutworm,"[[13 12 18 ... 13 13 15]
 [13 12 18 ... 13 13 15]
 [14 13 19 ... 14 14 16]
 ...
 [10 14 13 ...  9  9 11]
 [10 14 13 ...  9  9 11]
 [10 14 13 ... 10 10 12]]"
40,cutworm,"[[255 255 255 ... 255 255 255]
 [255 255 255 ... 255 255 255]
 [255 255 255 ... 255 255 255]
 ...
 [255 255 255 ... 255 255 255]
 [255 255 255 ... 255 255 255]
 [255 255 255 ... 255 255 255]]"
41,cutworm,"[[194 210 226 ...  95 127  51]
 [194 210 226 ...  95 127  54]
 [193 209 225 ...  96 127  59]
 ...
 [183 210 177 ... 140 197 102]
 [182 209 176 ... 156 214 114]
 [180 207 174 ... 154 212 110]]"
42,cutworm,"[[181 214 109 ... 147 182  82]
 [179 212 107 ... 148 183  83]
 [177 210 106 ... 147 184  81]
 ...
 [101 141  19 ... 113 159  60]
 [ 93 133   8 ... 111 157  58]
 [ 87 128   0 ... 110 156  57]]"
43,cutworm,"[[ 0  2 23 ... 13 16 21]
 [29 37 56 ... 26 29 36]
 [43 50 68 ...  6  9 16]
 ...
 [41 49 51 ... 41 45 48]
 [69 77 79 ... 57 58 62]
 [63 71 73 ... 46 47 51]]"
44,cutworm,"[[16 18 17 ... 31 31 31]
 [34 35 37 ... 42 42 42]
 [35 36 38 ... 48 48 48]
 ...
 [33 33 33 ... 45 45 45]
 [31 31 31 ... 43 43 43]
 [25 25 25 ... 36 36 36]]"
45,earheadbug,"[[255 255 241 ... 241 251 242]
 [ 47  45  30 ...   0   5   0]
 [ 91  89  74 ...  11  21  12]
 ...
 [227 246 201 ...   5  11   0]
 [211 228 186 ...   8  20   6]
 [220 237 195 ...   8  20   6]]"
46,earheadbug,"[[ 14  29  10 ... 148  93  88]
 [ 14  29  10 ... 122  68  66]
 [ 15  30  11 ... 111  58  64]
 ...
 [ 13  18  14 ... 165 193 132]
 [ 14  19  15 ... 165 193 132]
 [ 14  19  15 ... 165 193 132]]"
47,earheadbug,"[[108 158  33 ...  94 146  22]
 [107 157  32 ...  93 145  21]
 [105 155  30 ...  93 145  21]
 ...
 [ 57 108   3 ...  45  97   0]
 [ 53 106   0 ...  49 101   0]
 [ 53 106   0 ...  49 101   0]]"
48,earheadbug,"[[129  94  64 ...  79 112  59]
 [101  83  43 ...  71 104  51]
 [ 88  95  41 ...  70 103  50]
 ...
 [ 76 122  60 ...  86 107  40]
 [ 79 120  60 ...  85 106  39]
 [ 66 100  40 ...  85 106  39]]"
49,earheadbug,"[[ 58  82  30 ...  91 132  64]
 [ 58  82  30 ...  89 130  62]
 [ 59  83  33 ...  85 126  60]
 ...
 [  4   4  16 ...  79 120  50]
 [  4   4  16 ...  76 119  48]
 [  9   4  11 ...  77 121  44]]"
50,earheadbug,"[[  8  14   4 ... 158 188 114]
 [  8  14   4 ... 126 156  82]
 [  8  14   4 ... 100 132  57]
 ...
 [142 202 130 ...  51 102  23]
 [135 195 123 ...  51 102  23]
 [132 192 120 ...  51 102  23]]"
51,earheadbug,"[[ 87 133  45 ...  60  54  32]
 [ 87 133  45 ...  61  55  33]
 [ 87 133  45 ...  63  57  35]
 ...
 [121 118  73 ... 116 162  64]
 [122 119  74 ... 115 161  63]
 [126 124  76 ... 114 160  62]]"
52,earheadbug,"[[143 176  85 ...  98 150  42]
 [140 175  83 ...  99 151  43]
 [136 171  77 ...  99 151  43]
 ...
 [165 189  51 ... 123 146  40]
 [177 198  61 ... 123 146  38]
 [185 203  67 ... 123 146  38]]"
53,earheadbug,"[[127 151 103 ... 149 183 133]
 [131 155 107 ... 149 184 130]
 [138 162 114 ... 149 184 126]
 ...
 [134 164 102 ... 114 143  76]
 [134 164 102 ... 114 143  76]
 [134 164 102 ... 114 143  76]]"
54,earheadbug,"[[203 240 255 ... 219 255 227]
 [147 186 219 ... 169 205 179]
 [176 219 255 ... 189 225 199]
 ...
 [191 232 198 ... 200 201 203]
 [177 218 184 ... 183 184 186]
 [220 255 228 ... 254 255 255]]"
55,earheadbug,"[[ 58  82  30 ...  91 132  66]
 [ 58  82  30 ...  89 130  64]
 [ 59  83  31 ...  85 125  62]
 ...
 [113 144  84 ... 137 177 106]
 [127 158  98 ... 126 166  95]
 [125 156  96 ... 124 166  94]]"
56,earheadbug,"[[ 39  69   0 ... 177 203 104]
 [ 38  64  16 ... 171 197  96]
 [ 27  45  23 ... 166 191  89]
 ...
 [ 22  30  19 ...  69  81  35]
 [ 24  31  23 ...  67  79  33]
 [ 30  37  21 ...  61  80  34]]"
57,earheadbug,"[[231 229 191 ... 169 177 166]
 [177 173 136 ...   3  11   0]
 [215 211 174 ...  26  34  23]
 ...
 [191 232 174 ... 109 150  94]
 [191 232 174 ...  58 101  48]
 [192 233 175 ...  55  99  48]]"
58,earheadbug,"[[ 0  7  0 ... 14 27 10]
 [ 0  7  0 ... 13 26  9]
 [ 1  8  1 ... 12 25  8]
 ...
 [ 1 13  0 ...  7 22  3]
 [ 1 13  0 ...  7 22  1]
 [ 1 13  0 ... 10 25  4]]"
59,earheadbug,"[[22 63 21 ... 16 86 50]
 [22 63 21 ... 17 87 51]
 [23 64 22 ... 17 87 51]
 ...
 [22 76 16 ... 16 61 22]
 [22 76 18 ... 18 60 22]
 [23 77 19 ... 18 60 22]]"
60,leafhopper,"[[145 143 146 ...  99 134 101]
 [144 144 146 ...  99 134 101]
 [143 143 145 ...  99 134 101]
 ...
 [ 48 101  13 ...  83 116  63]
 [ 49 102  14 ...  82 115  62]
 [ 49 102  12 ...  82 115  60]]"
61,leafhopper,"[[27 91 31 ... 35 91 26]
 [20 84 24 ... 34 90 25]
 [20 84 24 ... 32 88 25]
 ...
 [32 92 32 ... 34 94 42]
 [33 93 33 ... 36 99 46]
 [34 94 34 ... 36 99 46]]"
62,leafhopper,"[[ 60  66  54 ... 137 156  40]
 [ 60  66  54 ... 137 156  40]
 [ 59  65  53 ... 137 156  40]
 ...
 [ 92 120  59 ...  69  82  26]
 [ 92 120  59 ...  69  82  26]
 [ 92 121  57 ...  69  82  26]]"
63,leafhopper,"[[ 93 147  25 ...  94 149  29]
 [ 93 147  25 ...  94 149  29]
 [ 93 147  25 ...  94 149  29]
 ...
 [ 85 147  20 ...  89 125  38]
 [100 163  33 ...  89 125  38]
 [ 90 153  23 ...  89 125  38]]"
64,leafhopper,"[[ 97 118  62 ...  85 100  57]
 [ 94 114  61 ...  72  89  45]
 [ 87 107  58 ...  55  72  27]
 ...
 [114 134  65 ...  82 101  46]
 [113 134  65 ...  86 103  48]
 [113 134  65 ...  92 107  50]]"
65,leafhopper,"[[ 83 136  48 ...  12  23   7]
 [ 83 136  48 ...  12  23   7]
 [ 83 136  48 ...  12  23   7]
 ...
 [ 88 142  54 ...  10  16   4]
 [ 88 142  54 ...  10  16   4]
 [ 88 142  54 ...  10  16   4]]"
66,leafhopper,"[[248 255 255 ... 255 254 255]
 [251 255 255 ... 255 254 255]
 [254 255 255 ... 255 252 253]
 ...
 [255 249 255 ... 253 253 253]
 [255 241 253 ... 253 253 253]
 [255 250 255 ... 254 254 254]]"
67,leafhopper,"[[ 54  65   7 ... 121 158  65]
 [ 54  65   7 ... 119 156  63]
 [ 54  65   7 ... 116 152  62]
 ...
 [109 154  73 ... 106 143  66]
 [110 155  74 ... 101 138  61]
 [111 156  75 ...  96 133  56]]"
68,leafhopper,"[[106 131  99 ...  43  61  35]
 [108 133 101 ...  43  61  35]
 [112 137 107 ...  42  60  34]
 ...
 [ 59  79  52 ...  80  99  77]
 [ 57  77  50 ...  80  99  77]
 [ 56  76  49 ...  81 100  78]]"
69,leafhopper,"[[114 119  29 ...  87 133  45]
 [116 121  31 ...  85 131  43]
 [119 126  33 ...  84 130  42]
 ...
 [117 169  59 ... 202 241 178]
 [117 169  59 ... 187 225 164]
 [116 168  58 ... 160 198 139]]"
70,leafhopper,"[[249 202 120 ... 247 193 103]
 [247 200 118 ... 247 193 103]
 [243 196 114 ... 246 192 102]
 ...
 [229 137  34 ... 243 199 126]
 [230 137  34 ... 243 199 126]
 [230 137  34 ... 243 199 126]]"
71,leafhopper,"[[154 189  59 ... 177 195 133]
 [139 174  46 ... 224 244 175]
 [146 181  55 ... 187 210 130]
 ...
 [199 207 168 ... 191 217 108]
 [203 211 170 ... 208 230 147]
 [205 215 163 ... 215 233 171]]"
72,leafhopper,"[[ 62 111   2 ... 108  90  28]
 [ 62 111   2 ... 108  90  28]
 [ 62 111   2 ... 108  90  28]
 ...
 [134 140  50 ... 168 175  97]
 [145 149  72 ... 161 169  84]
 [152 154  88 ... 156 165  76]]"
73,leafhopper,"[[115 168  18 ... 120 163  22]
 [115 168  18 ... 117 160  19]
 [115 168  18 ... 115 158  17]
 ...
 [110 160  37 ... 108 159  40]
 [109 159  38 ... 109 160  39]
 [110 160  39 ... 109 160  39]]"
74,leafhopper,"[[102 208 116 ...   3  51   1]
 [103 209 117 ...   3  51   1]
 [103 209 117 ...   3  51   1]
 ...
 [124 221 124 ...  17  61   0]
 [127 224 127 ...  17  61   0]
 [113 209 112 ...  17  61   0]]"
75,locust,"[[136 170 195 ... 105 169 204]
 [136 170 195 ... 105 169 204]
 [136 170 195 ... 105 169 204]
 ...
 [ 99  86  67 ... 152 185 204]
 [ 99  86  67 ... 152 185 204]
 [100  87  68 ... 153 184 204]]"
76,locust,"[[177 171 159 ... 122  79  72]
 [177 167 155 ... 123  81  69]
 [178 162 147 ... 123  85  66]
 ...
 [126  71  50 ... 131 116 113]
 [124  79  38 ... 121 131 143]
 [132  87  46 ... 121 131 143]]"
77,locust,"[[142 156  71 ...  65  82  11]
 [152 164  80 ...  61  78   7]
 [151 161  74 ...  65  83   9]
 ...
 [194 148  98 ... 201 164 112]
 [198 152 102 ... 225 185 136]
 [201 155 103 ... 209 167 119]]"
78,locust,"[[132 113 107 ... 176 144 159]
 [128 109 103 ... 165 133 148]
 [121 102  96 ... 149 117 130]
 ...
 [165 194  84 ... 219 159 107]
 [168 198  86 ... 218 161 108]
 [170 200  86 ... 219 161 111]]"
79,locust,"[[251 250 248 ... 251 250 248]
 [251 250 248 ... 251 250 248]
 [251 250 248 ... 251 250 248]
 ...
 [242 241 239 ... 243 242 240]
 [241 240 238 ... 243 242 240]
 [240 239 237 ... 242 241 239]]"
80,locust,"[[ 15  24   5 ...  77  77  75]
 [ 15  24   5 ...  75  75  73]
 [ 15  24   5 ...  71  71  69]
 ...
 [133 128 134 ...  21  22  16]
 [132 133 135 ...  19  20  15]
 [132 133 135 ...  19  20  15]]"
81,locust,"[[182 187 191 ... 173 186 195]
 [181 186 190 ... 172 185 194]
 [181 186 190 ... 172 185 194]
 ...
 [120  78  56 ... 155 117  98]
 [123  80  61 ... 161 109  87]
 [123  80  61 ... 161 109  87]]"
82,locust,"[[ 87 127  28 ... 137 121 106]
 [ 90 128  29 ... 134 121 105]
 [ 93 129  33 ... 129 121 102]
 ...
 [115 116 111 ... 219 210 201]
 [116 116 114 ... 170 159 155]
 [117 117 115 ... 124 113 111]]"
83,locust,"[[207 215 238 ... 132 135 106]
 [199 207 218 ... 134 138 105]
 [185 195 184 ... 137 141 104]
 ...
 [176 172 101 ...  94  89  51]
 [175 170 102 ... 100  94  58]
 [174 169 101 ... 106 100  64]]"
84,locust,"[[255 255 255 ... 255 255 255]
 [255 255 255 ... 255 255 255]
 [255 255 255 ... 255 255 255]
 ...
 [255 255 255 ... 255 255 255]
 [255 255 255 ... 255 255 255]
 [255 255 255 ... 255 255 255]]"
85,locust,"[[56 61 31 ... 60 67 23]
 [56 62 28 ... 60 67 23]
 [56 62 26 ... 60 67 23]
 ...
 [37 45  8 ... 71 82 14]
 [30 38  1 ... 71 81 18]
 [57 65 28 ... 69 79 19]]"
86,locust,"[[23 26  9 ...  0  0  0]
 [23 26  9 ...  0  0  0]
 [24 27  8 ...  0  0  0]
 ...
 [47 50 41 ... 36 43 12]
 [21 24 17 ... 42 49 15]
 [ 0  1  0 ... 45 53 16]]"
87,locust,"[[162 211 243 ... 131 156 134]
 [162 211 243 ... 130 156 131]
 [162 211 243 ... 125 154 124]
 ...
 [ 60  90  56 ... 201 196 202]
 [ 62  92  58 ... 191 186 193]
 [ 62  93  59 ... 182 176 188]]"
88,locust,"[[161 163 126 ...  57  63  25]
 [160 162 125 ...  60  66  28]
 [160 162 125 ...  65  69  32]
 ...
 [140 138  89 ... 117 124  82]
 [127 126  82 ... 115 122  80]
 [126 126  88 ... 112 119  78]]"
89,locust,"[[103  68  48 ... 196 180 165]
 [104  69  49 ... 197 181 166]
 [106  71  51 ... 198 182 167]
 ...
 [ 44  23  18 ...  35  38  45]
 [ 46  25  20 ...  20  27  35]
 [ 46  25  20 ...  20  27  35]]"
90,mites,"[[245 185 151 ... 255 222 192]
 [247 188 154 ... 255 219 189]
 [250 194 159 ... 255 214 184]
 ...
 [249 214 184 ... 255 183 152]
 [251 216 186 ... 255 178 147]
 [254 219 189 ... 251 172 141]]"
91,mites,"[[235 235 237 ... 231 230 236]
 [235 235 237 ... 229 228 234]
 [235 235 237 ... 226 225 231]
 ...
 [229 230 235 ... 228 229 234]
 [229 230 235 ... 228 229 234]
 [229 230 235 ... 228 229 234]]"
92,mites,"[[176 133   3 ... 235 185   2]
 [176 133   3 ... 235 185   2]
 [176 133   3 ... 235 185   2]
 ...
 [228 213 190 ... 225 207 171]
 [227 212 189 ... 226 206 169]
 [225 211 185 ... 228 206 165]]"
93,mites,"[[255 255 255 ... 255 255 255]
 [255 255 255 ... 255 255 255]
 [255 255 255 ... 255 255 255]
 ...
 [255 255 255 ... 255 255 255]
 [255 255 255 ... 255 255 255]
 [255 255 255 ... 255 255 255]]"
94,mites,"[[160 136 112 ...  50  37   0]
 [154 130 106 ...  66  49   6]
 [140 116  92 ...  99  74  34]
 ...
 [172 137 115 ... 133 105  66]
 [156 133 125 ... 127 105  84]
 [186 163 155 ... 168 146 125]]"
95,mites,"[[  0  17   0 ...  45  66  51]
 [ 16  44  22 ...  80 101  86]
 [ 47  75  53 ...  86 107  90]
 ...
 [139 140 132 ...  10   9   7]
 [125 126 118 ...  11  10   8]
 [111 114 105 ...  14  13  11]]"
96,mites,"[[244 244 244 ... 236 236 238]
 [244 244 244 ... 236 236 238]
 [244 244 244 ... 236 236 238]
 ...
 [238 238 238 ... 215 215 217]
 [238 238 238 ... 207 207 209]
 [238 238 238 ... 223 223 225]]"
97,mites,"[[  0  30   0 ...  88 172  94]
 [  0  28   0 ...  99 180 111]
 [  0  37   0 ...  90 168 108]
 ...
 [ 12  53   0 ...  63 127  66]
 [  0  39   0 ...  68 137  74]
 [  0  32   0 ...  71 142  76]]"
98,mites,"[[32 41 14 ... 36 41 34]
 [32 40 16 ... 33 39 27]
 [33 41 18 ... 29 36 18]
 ...
 [33 44 27 ... 22 28 16]
 [36 47 30 ... 37 43 33]
 [41 52 35 ... 45 50 43]]"
99,mites,"[[183 136   0 ... 125  99  40]
 [193 147  10 ... 157 136  45]
 [201 155  20 ... 171 157  22]
 ...
 [ 79  69  33 ... 168 161  28]
 [ 79  69  33 ... 160 158  35]
 [ 79  69  33 ... 160 158  35]]"
100,mites,"[[103 118 149 ... 100 114 141]
 [103 118 149 ... 100 114 141]
 [103 118 149 ... 100 114 141]
 ...
 [104 120 153 ... 104 119 150]
 [104 120 153 ... 104 119 150]
 [104 120 153 ... 103 118 149]]"
101,mites,"[[245 245 245 ... 236 236 236]
 [245 245 245 ... 236 236 236]
 [245 245 245 ... 236 236 236]
 ...
 [242 242 242 ... 226 226 226]
 [242 242 242 ... 226 226 226]
 [235 235 235 ... 226 226 226]]"
102,mites,"[[154 164 112 ... 189 201 191]
 [154 164 112 ... 189 201 191]
 [154 164 112 ... 190 201 193]
 ...
 [170 172 169 ...  81  90  45]
 [168 170 167 ...  72  84  36]
 [167 169 166 ...  77  89  41]]"
103,mites,"[[183 136   0 ... 125  99  40]
 [193 147  10 ... 157 136  45]
 [201 155  20 ... 171 157  22]
 ...
 [ 79  69  33 ... 168 161  28]
 [ 79  69  33 ... 160 158  35]
 [ 79  69  33 ... 160 158  35]]"
104,mites,"[[172 162  77 ... 116 143  90]
 [171 163  78 ... 106 133  80]
 [170 164  80 ...  97 124  71]
 ...
 [ 41  43  32 ...  23  18  12]
 [ 46  48  35 ...  21  16  10]
 [ 48  52  37 ...  20  15   9]]"
105,slaters,"[[211 224 232 ... 220 233 241]
 [211 224 232 ... 220 233 241]
 [211 224 232 ... 220 233 241]
 ...
 [176 187 191 ... 172 190 194]
 [179 184 190 ... 175 189 192]
 [179 184 190 ... 175 189 192]]"
106,slaters,"[[186 161 164 ... 171 117 115]
 [218 192 195 ... 190 135 130]
 [172 146 147 ... 134  75  69]
 ...
 [ 65  37  33 ... 134  78  55]
 [ 40  13   6 ... 170 114  91]
 [ 71  44  37 ... 119  63  40]]"
107,slaters,"[[233 235 232 ... 232 234 233]
 [233 235 232 ... 232 234 233]
 [232 234 231 ... 232 234 233]
 ...
 [221 218 211 ... 214 215 207]
 [213 201 201 ... 214 215 207]
 [231 219 219 ... 214 215 207]]"
108,slaters,"[[252 255 255 ... 251 255 255]
 [236 240 239 ... 244 248 249]
 [252 255 255 ... 247 249 248]
 ...
 [254 249 255 ... 255 255 253]
 [249 244 250 ... 251 250 248]
 [255 254 255 ... 255 255 253]]"
109,slaters,"[[ 20   0  10 ... 152 152 162]
 [ 19   0   8 ... 154 154 164]
 [ 20   0   9 ... 156 156 164]
 ...
 [ 25  25  25 ... 140 142 137]
 [151 151 151 ... 137 138 133]
 [245 245 245 ... 133 134 129]]"
110,slaters,"[[229 210 193 ... 231 210 193]
 [233 216 198 ... 232 211 194]
 [239 222 204 ... 232 213 198]
 ...
 [203 187 174 ... 240 219 192]
 [157 141 128 ... 245 225 200]
 [107  93  82 ... 242 224 200]]"
111,slaters,"[[ 61  48  31 ... 101  84  58]
 [ 62  51  33 ... 102  85  59]
 [ 53  44  27 ... 102  84  60]
 ...
 [ 53  35  21 ...  92  86  64]
 [ 60  43  27 ... 105  99  77]
 [ 66  49  31 ... 103  96  77]]"
112,slaters,"[[184 183 127 ...  22  23   7]
 [191 190 134 ...  22  23   7]
 [187 186 130 ...  22  23   7]
 ...
 [147 150  81 ... 208 197 151]
 [160 163  94 ... 209 198 153]
 [145 146  88 ... 209 204 166]]"
113,slaters,"[[ 90  87  78 ...  37  36  34]
 [133 130 121 ...  35  34  30]
 [105 102  93 ...  40  39  35]
 ...
 [108  91  84 ... 163 140 124]
 [117 100  93 ... 165 139 124]
 [120 117 102 ... 161 138 124]]"
114,slaters,"[[233 229 217 ... 209 209 199]
 [223 219 207 ... 199 199 189]
 [220 216 204 ... 199 199 189]
 ...
 [ 94  96  75 ...  68  64  55]
 [ 72  73  55 ...  78  74  65]
 [ 84  85  67 ... 102  97  91]]"
115,slaters,"[[112  75  57 ...  96  66  40]
 [115  78  60 ... 114  84  58]
 [122  85  67 ... 119  89  63]
 ...
 [145  90  59 ...  77  59  47]
 [121  66  35 ...  74  55  41]
 [130  77  46 ...  84  62  49]]"
116,slaters,"[[165 157 118 ... 178 179 121]
 [168 161 119 ... 178 179 121]
 [172 165 119 ... 178 179 119]
 ...
 [152 154  88 ... 122 116  90]
 [166 169 100 ... 123 118  89]
 [161 164  95 ... 136 131 102]]"
117,slaters,"[[211 211 209 ... 212 213 208]
 [211 211 209 ... 212 213 208]
 [211 211 209 ... 212 213 208]
 ...
 [129 123 123 ... 133 132 130]
 [129 123 123 ... 133 132 130]
 [129 123 123 ... 133 132 130]]"
118,slaters,"[[169 153 128 ... 120 106  80]
 [139 123  98 ... 141 127 101]
 [104  88  63 ... 147 133 107]
 ...
 [101  85  60 ... 152 134 110]
 [158 142 117 ... 137 119  95]
 [138 122  97 ... 151 133 109]]"
119,slaters,"[[ 14  14  14 ...  20  20  20]
 [ 11  11  11 ...  14  14  14]
 [  8   8   8 ...   8   8   8]
 ...
 [ 38  43  39 ... 120 114 114]
 [ 41  46  42 ... 117 111 111]
 [ 66  71  67 ...  89  83  83]]"
120,stemborer,"[[ 34  36  51 ...  37  44  62]
 [ 34  36  51 ...  37  44  62]
 [ 34  36  51 ...  37  44  62]
 ...
 [ 56  55  11 ... 154 136  62]
 [ 62  60  19 ... 168 150  76]
 [ 60  61  21 ... 168 150  76]]"
121,stemborer,"[[106  91  52 ... 121 111  52]
 [106  91  52 ... 116 106  47]
 [106  91  52 ... 107  96  40]
 ...
 [ 74  61  27 ... 189 200 132]
 [ 73  60  26 ... 188 199 131]
 [ 73  60  26 ... 189 200 132]]"
122,stemborer,"[[175 196 155 ... 109 140  60]
 [146 167 126 ... 114 145  67]
 [118 139  96 ... 116 147  71]
 ...
 [ 78  97  18 ... 251 247 235]
 [ 76  95  16 ... 251 247 235]
 [ 72  88  13 ... 251 247 235]]"
123,stemborer,"[[ 64  64  62 ... 154 154 144]
 [ 64  64  62 ... 154 154 144]
 [ 63  63  61 ... 155 155 145]
 ...
 [163 150 133 ... 146 146 144]
 [167 154 137 ... 146 146 144]
 [168 155 138 ... 145 145 143]]"
124,stemborer,"[[155 166 188 ... 160 174 200]
 [155 166 188 ... 154 168 194]
 [155 166 188 ... 160 174 200]
 ...
 [140 154 180 ... 154 164 189]
 [145 159 186 ... 154 164 189]
 [118 132 161 ... 154 164 189]]"
125,stemborer,"[[ 87  95  56 ... 205 196 217]
 [ 53  61  22 ... 200 191 212]
 [ 54  62  23 ... 207 199 220]
 ...
 [180 195 164 ... 136 158  76]
 [188 203 172 ... 129 151  69]
 [195 210 181 ... 126 148  66]]"
126,stemborer,"[[214 127  74 ... 231 231 169]
 [214 127  74 ... 231 231 167]
 [214 127  74 ... 230 229 162]
 ...
 [ 56  41  12 ... 212 135  81]
 [ 58  44  15 ... 214 137  83]
 [ 59  48  18 ... 217 140  86]]"
127,stemborer,"[[ 86  74  96 ... 219 137 100]
 [ 86  74  94 ... 219 137 100]
 [ 84  73  89 ... 220 138 101]
 ...
 [ 33  24  51 ...   0   8 105]
 [ 28  20  44 ...   0  12 107]
 [ 44  36  59 ...   9  24 117]]"
128,stemborer,"[[62 82 31 ... 36 58 12]
 [62 82 31 ... 36 58 12]
 [62 82 31 ... 36 58 12]
 ...
 [35 72 21 ... 49 75 27]
 [34 71 20 ... 49 75 27]
 [34 71 20 ... 49 75 27]]"
129,stemborer,"[[ 74 105  45 ...  79 101  39]
 [ 85 116  56 ...  68  90  28]
 [ 88 119  59 ...  80 102  40]
 ...
 [ 75  80  14 ...  90 104  29]
 [ 63  63   1 ...  89  99  26]
 [ 83  79  18 ...  96  99  28]]"
130,stemborer,"[[175 207 218 ... 172 205 210]
 [175 207 218 ... 182 217 223]
 [175 207 218 ... 169 204 210]
 ...
 [138 178  30 ... 161 199 208]
 [154 186  59 ... 161 199 208]
 [171 203  76 ... 161 199 208]]"
131,stemborer,"[[255 249 241 ... 255 255 243]
 [255 255 250 ... 255 255 246]
 [237 239 238 ... 255 254 253]
 ...
 [244 255 255 ... 242 254 252]
 [241 248 254 ... 251 255 255]
 [255 255 255 ... 255 255 253]]"
132,stemborer,"[[182 157  90 ... 113  76  34]
 [182 157  90 ... 116  79  37]
 [183 158  91 ... 121  87  42]
 ...
 [ 92 136  49 ... 173 165  80]
 [ 88 134  46 ... 172 164  79]
 [ 84 133  44 ... 172 164  79]]"
133,stemborer,"[[133 151  69 ...   0   3   0]
 [136 154  72 ...   3  10   0]
 [141 159  77 ...   0   8   0]
 ...
 [178 198 129 ... 148 158 108]
 [110 130  61 ... 151 161 111]
 [120 140  71 ... 153 162 115]]"
134,stemborer,"[[ 41  79 118 ... 246 231 202]
 [ 41  79 118 ... 247 232 203]
 [ 41  79 118 ... 240 225 194]
 ...
 [ 38  80 118 ...  59  94 114]
 [ 38  80 118 ...  59  94 114]
 [ 38  80 118 ...  59  94 114]]"
135,thrips,"[[178 228 103 ... 143 189  54]
 [157 207  84 ... 125 172  32]
 [143 192  75 ... 119 167  21]
 ...
 [ 92 135  30 ... 107 160  26]
 [ 94 137  32 ...  97 151  13]
 [ 92 143  40 ... 102 147  18]]"
136,thrips,"[[140 152  86 ... 149 161  95]
 [141 153  87 ... 148 160  94]
 [146 158  92 ... 146 158  92]
 ...
 [141 155  80 ... 133 148  79]
 [141 155  80 ... 133 148  79]
 [141 155  80 ... 133 148  79]]"
137,thrips,"[[201 239  76 ... 168 142  49]
 [210 242 105 ... 168 142  49]
 [220 245 144 ... 168 142  49]
 ...
 [133 201   2 ... 131 195   0]
 [133 204   2 ... 133 197   0]
 [135 207   1 ... 135 199   1]]"
138,thrips,"[[137 175 128 ... 120 166  58]
 [150 188 139 ... 120 166  58]
 [169 208 155 ... 120 166  58]
 ...
 [115 160  67 ... 103 150  46]
 [108 152  54 ... 110 153  73]
 [114 158  60 ... 115 158  78]]"
139,thrips,"[[ 65 128  39 ...  71 139  52]
 [ 59 122  33 ...  73 143  47]
 [ 62 125  36 ...  77 146  39]
 ...
 [ 48 135   4 ...  80 151  55]
 [ 66 152  43 ...  74 145  53]
 [ 79 162  82 ...  61 131  42]]"
140,thrips,"[[138 156 158 ... 142 155 161]
 [138 156 158 ... 142 155 161]
 [138 156 158 ... 142 155 161]
 ...
 [153 164 166 ... 153 164 170]
 [153 164 166 ... 152 163 169]
 [153 164 166 ... 152 163 169]]"
141,thrips,"[[166 170  73 ... 144 159   4]
 [166 170  73 ... 145 160   5]
 [166 171  71 ... 147 161   4]
 ...
 [181 190  81 ... 137 141  47]
 [182 191  82 ... 136 140  46]
 [172 181  72 ... 137 141  47]]"
142,thrips,"[[153 160  64 ... 164 161  84]
 [153 160  64 ... 164 161  84]
 [154 161  65 ... 165 162  85]
 ...
 [185 204  88 ... 150 166  68]
 [189 208  92 ... 153 167  70]
 [194 211  96 ... 166 177  81]]"
143,thrips,"[[138 136 139 ... 142 140 141]
 [138 136 139 ... 143 141 142]
 [139 137 140 ... 143 141 142]
 ...
 [152 152 152 ... 153 152 150]
 [152 150 151 ... 157 149 147]
 [152 150 151 ... 157 149 147]]"
144,thrips,"[[131 159 111 ... 123 151 100]
 [130 158 109 ... 127 153 106]
 [130 159 103 ... 127 150 108]
 ...
 [144 161 125 ... 176 187 153]
 [155 171 142 ... 153 168 127]
 [162 178 152 ... 166 182 137]]"
145,thrips,"[[126 147  42 ... 120 148  35]
 [151 172  69 ... 136 164  51]
 [142 163  60 ... 124 152  39]
 ...
 [118 137  29 ... 133 153  22]
 [114 133  25 ... 129 150  13]
 [117 136  28 ... 127 148   7]]"
146,thrips,"[[182 166 117 ... 205 216 160]
 [185 167 121 ... 203 216 162]
 [185 163 122 ... 202 215 162]
 ...
 [145 183  70 ... 159 196  82]
 [144 183  68 ... 159 196  82]
 [142 181  64 ... 159 196  82]]"
147,thrips,"[[ 96 153 121 ... 109 137 115]
 [ 99 156 124 ... 109 137 115]
 [105 162 130 ... 109 137 115]
 ...
 [151 205 173 ... 100 154 118]
 [142 193 162 ...  96 151 111]
 [125 175 146 ...  95 150 108]]"
148,thrips,"[[28 73  4 ... 46 90 13]
 [28 73  4 ... 47 91 14]
 [28 73  4 ... 41 85  8]
 ...
 [31 84  6 ... 16 56  3]
 [27 80  2 ... 15 55  2]
 [28 79  4 ... 15 56  0]]"
149,thrips,"[[131 149  75 ... 185 183  74]
 [126 144  68 ... 187 185  76]
 [119 137  61 ... 185 184  76]
 ...
 [129 138  33 ... 196 187  96]
 [130 138  37 ... 194 184  95]
 [132 140  41 ... 190 183  93]]"
150,weevil,"[[255 255 255 ... 255 255 255]
 [255 255 255 ... 255 255 255]
 [255 255 255 ... 255 255 255]
 ...
 [255 255 255 ... 255 255 255]
 [255 255 255 ... 255 255 255]
 [255 255 255 ... 255 255 255]]"
151,weevil,"[[242 233 236 ... 241 232 233]
 [242 233 236 ... 242 233 234]
 [242 233 236 ... 242 233 234]
 ...
 [247 238 243 ... 251 242 247]
 [247 238 243 ... 252 243 248]
 [248 239 244 ... 252 243 248]]"
152,weevil,"[[ 50  73  21 ...  89  52  46]
 [ 51  74  22 ...  89  51  48]
 [ 53  76  24 ...  88  50  47]
 ...
 [161 197 109 ... 162 191  81]
 [161 197 110 ... 164 196  85]
 [162 196 110 ... 156 190  78]]"
153,weevil,"[[147 209 100 ... 179 235 102]
 [147 209 100 ... 179 235 102]
 [147 209 102 ... 179 235 102]
 ...
 [155 206 101 ... 156 216  94]
 [155 207  99 ... 156 216  94]
 [155 207  99 ... 156 216  94]]"
154,weevil,"[[171 197  87 ... 122 136  39]
 [171 197  88 ... 122 136  39]
 [171 197  90 ... 123 137  40]
 ...
 [106 111  29 ... 182 200 100]
 [106 111  29 ... 178 195  99]
 [106 111  29 ... 177 192  99]]"
155,weevil,"[[137  74  59 ... 167 108  94]
 [139  76  61 ... 181 123 109]
 [142  79  64 ... 202 144 130]
 ...
 [185 123 102 ... 160 112 100]
 [181 119  98 ... 166 118 106]
 [176 114  93 ... 172 124 112]]"
156,weevil,"[[155 123 102 ... 173 154 140]
 [155 123 102 ... 173 154 140]
 [155 123 102 ... 174 155 141]
 ...
 [182 183 151 ... 187 214 205]
 [156 157 123 ... 190 217 208]
 [150 152 115 ... 188 215 206]]"
157,weevil,"[[135  54   9 ... 117  78  39]
 [133  55   9 ... 109  67  29]
 [133  55   9 ... 104  62  22]
 ...
 [ 60  24  26 ... 238 173  79]
 [ 61  25  27 ... 234 170  73]
 [ 62  26  28 ... 230 166  68]]"
158,weevil,"[[  3   3   1 ... 141 180 133]
 [  3   3   1 ... 147 186 139]
 [  3   3   1 ... 140 180 130]
 ...
 [  5   5   3 ...  18  18   6]
 [  5   5   3 ...   8  15   7]
 [  5   5   3 ...   5  18  11]]"
159,weevil,"[[139 160  55 ...  75  92  40]
 [139 160  55 ...  76  93  41]
 [139 160  55 ...  77  94  40]
 ...
 [110 144  58 ... 167 160  70]
 [110 144  58 ... 167 160  70]
 [110 144  58 ... 166 159  69]]"
160,weevil,"[[125 102  94 ... 169 197  74]
 [124 105  91 ... 172 200  77]
 [124 106  86 ... 172 200  77]
 ...
 [227 192 154 ... 141 178  72]
 [227 192 154 ... 138 176  63]
 [226 191 153 ... 129 168  49]]"
161,weevil,"[[211 215 190 ... 212 215 194]
 [211 215 190 ... 212 215 194]
 [211 215 190 ... 212 215 194]
 ...
 [170 231 102 ... 190 235 140]
 [172 233 104 ... 189 234 139]
 [173 234 105 ... 189 234 139]]"
162,weevil,"[[ 76 119  73 ... 129 175  76]
 [ 75 121  72 ... 130 176  77]
 [ 87 136  81 ... 130 176  77]
 ...
 [157 189 184 ... 179 196 178]
 [120 152 149 ... 181 198 180]
 [120 152 149 ... 183 197 180]]"
163,weevil,"[[202 175 146 ... 170 143 114]
 [206 179 150 ... 162 135 106]
 [210 183 154 ... 159 132 103]
 ...
 [228 203 173 ... 199 172 145]
 [221 196 166 ... 163 136 109]
 [188 161 131 ... 212 186 159]]"
164,weevil,"[[219 218 223 ... 245 245 245]
 [219 218 223 ... 245 245 245]
 [219 218 223 ... 245 245 245]
 ...
 [ 86  64   4 ... 199 173 116]
 [ 86  64   4 ... 192 163 105]
 [ 86  64   4 ... 188 156  97]]"
165,whitefly,"[[ 29  31  30 ...  80 140  66]
 [ 26  28  27 ...  82 142  70]
 [ 24  29  23 ...  84 144  72]
 ...
 [ 58  68  59 ...  52  51  49]
 [ 36  43  35 ...  19  17  18]
 [ 24  31  23 ...  29  25  26]]"
166,whitefly,"[[ 98 135  91 ... 100 135  93]
 [ 98 135  91 ... 100 135  93]
 [ 99 136  92 ... 100 135  93]
 ...
 [100 130  96 ...  94 129  89]
 [101 131  97 ...  91 126  86]
 [ 98 128  90 ...  91 120  76]]"
167,whitefly,"[[ 68  68  30 ...  85  91  47]
 [ 74  74  36 ...  85  91  47]
 [ 80  80  42 ...  86  92  48]
 ...
 [ 86  91  50 ...  75  80  40]
 [ 88  93  52 ...  93  98  58]
 [ 81  86  45 ... 114 119  79]]"
168,whitefly,"[[240 248 209 ... 239 248 193]
 [165 173 134 ... 126 135  78]
 [146 154 113 ...  76  86  25]
 ...
 [ 97 105  66 ...  58  66  19]
 [141 149 112 ... 121 127  89]
 [246 253 220 ... 246 251 219]]"
169,whitefly,"[[47 74 19 ... 51 77 32]
 [44 71 16 ... 51 77 32]
 [45 72 17 ... 50 76 31]
 ...
 [61 87 14 ... 52 59 67]
 [63 89 16 ... 53 60 68]
 [64 90 17 ... 54 61 69]]"
170,whitefly,"[[ 30 124  87 ...  17 117  81]
 [ 28 123  83 ...  39 139 101]
 [ 25 120  78 ...  42 142 104]
 ...
 [ 33 134  90 ...  40 131  88]
 [ 32 133  89 ...  40 131  90]
 [ 42 134  97 ...  45 130  91]]"
171,whitefly,"[[114 143  79 ... 124 153  86]
 [121 150  86 ... 120 149  82]
 [101 130  66 ... 127 157  87]
 ...
 [112 138  75 ... 113 139  68]
 [106 132  69 ... 104 130  57]
 [114 140  79 ...  95 121  48]]"
172,whitefly,"[[120 148  71 ... 101 135 102]
 [121 149  72 ... 101 135 102]
 [121 149  72 ... 101 135 102]
 ...
 [ 96 134  73 ... 211 231 232]
 [ 97 135  74 ... 211 235 237]
 [ 98 136  75 ... 214 242 243]]"
173,whitefly,"[[210 222 148 ... 178 196 114]
 [221 232 164 ... 171 189 107]
 [227 238 180 ... 162 179  99]
 ...
 [116 146  94 ... 107 137  75]
 [101 129  44 ... 112 131  52]
 [ 99 127  42 ... 130 149  70]]"
174,whitefly,"[[ 56 111  92 ...  86 140 124]
 [ 45 100  81 ...  87 141 127]
 [ 46 101  82 ...  82 136 122]
 ...
 [ 50 100 101 ... 219 232 241]
 [ 70 120 121 ... 225 238 247]
 [ 91 141 142 ... 231 244 253]]"
175,whitefly,"[[ 67  93  46 ...  76  95  31]
 [ 64  90  43 ...  76  95  31]
 [ 59  85  38 ...  76  95  31]
 ...
 [ 37  67  29 ...  64 102  53]
 [ 41  71  33 ...  69 107  58]
 [ 41  71  33 ...  75 113  64]]"
176,whitefly,"[[ 88 104  68 ...  71  99  61]
 [ 88 104  68 ...  71  99  61]
 [ 89 105  69 ...  74 102  64]
 ...
 [  0  91  11 ...  72  70  73]
 [  0  92   9 ...  72  70  73]
 [  2  91   9 ...  72  70  73]]"
177,whitefly,"[[ 91  87  50 ...  77  72  30]
 [ 86  82  45 ...  78  73  31]
 [ 79  75  38 ...  77  72  32]
 ...
 [ 87  86  38 ... 100  98  50]
 [ 61  60  12 ... 116 114  66]
 [ 60  59  11 ...  98  95  50]]"
178,whitefly,"[[151 162 184 ...  38  93  87]
 [168 179 199 ...  46 101  95]
 [171 182 200 ...  47 102  96]
 ...
 [129 150 141 ...  62 115 105]
 [141 158 148 ...  61 115 102]
 [157 170 160 ...  62 114 102]]"
179,whitefly,"[[100 149  84 ...  87 127  77]
 [106 155  90 ...  89 129  77]
 [103 152  87 ...  88 129  73]
 ...
 [113 166  94 ... 114 167  89]
 [112 165  93 ... 110 163  85]
 [104 157  87 ... 106 159  81]]"
